2026-02-09 22:55:06,suspect,50
2026-02-09 22:55:11,suspect,69
2026-02-09 22:56:54,suspect,52
2026-02-09 22:56:59,suspect,61
2026-02-09 22:58:07,suspect,54
2026-02-09 22:58:12,suspect,61
2026-02-09 22:58:19,suspect,58
2026-02-09 22:58:24,suspect,55
2026-02-09 22:58:29,suspect,55
2026-02-09 22:59:57,suspect,53
2026-02-09 23:00:02,suspect,61
2026-02-09 23:00:07,suspect,65
2026-02-09 23:01:48,suspect,56
2026-02-09 23:01:53,suspect,62
2026-02-09 23:01:58,suspect,67
2026-02-09 23:02:03,suspect,63
